{
    "IDE": 1034132889,
    "Location": "<7397.231445, 235.899124, 4987.434082>",
    "Position": [
        7397.2314453125,
        235.8991241455078,
        4987.43408203125
    ],
    "Amount": 30000.0,
    "AmountMax": 30000.0,
    "RefreshPerRestart": 5000.0,
    "ChanceRefresh": 0.25
}