{
    "IDE": 1034127864,
    "Location": "<7404.104980, 235.948898, 4987.952148>",
    "Position": [
        7404.10498046875,
        235.9488983154297,
        4987.9521484375
    ],
    "Amount": 10000.0,
    "AmountMax": 30000.0,
    "RefreshPerRestart": 5000.0,
    "ChanceRefresh": 0.25
}