{
    "IDE": 1143183443,
    "Location": "<8206.083008, 548.148682, 9700.274414>",
    "Position": [
        8206.0830078125,
        548.148681640625,
        9700.2744140625
    ],
    "Amount": 25000.0,
    "AmountMax": 30000.0,
    "RefreshPerRestart": 5000.0,
    "ChanceRefresh": 0.25
}