{
    "IDE": 1143149471,
    "Location": "<8202.848633, 548.148682, 9705.505859>",
    "Position": [
        8202.8486328125,
        548.148681640625,
        9705.505859375
    ],
    "Amount": 20000.0,
    "AmountMax": 30000.0,
    "RefreshPerRestart": 5000.0,
    "ChanceRefresh": 0.25
}