{
    "IDE": 1143149272,
    "Location": "<8198.260742, 548.148682, 9712.594727>",
    "Position": [
        8198.2607421875,
        548.148681640625,
        9712.5947265625
    ],
    "Amount": 20000.0,
    "AmountMax": 30000.0,
    "RefreshPerRestart": 5000.0,
    "ChanceRefresh": 0.25
}