{
    "IDE": 1319402313,
    "Location": "<9457.567383, 420.335632, 9655.501953>",
    "Position": [
        9457.5673828125,
        420.33563232421877,
        9655.501953125
    ],
    "Amount": 0.0,
    "AmountMax": 30000.0,
    "RefreshPerRestart": 5000.0,
    "ChanceRefresh": 0.25
}