{
    "IDE": 1319441147,
    "Location": "<9462.188477, 420.337463, 9660.626953>",
    "Position": [
        9462.1884765625,
        420.33746337890627,
        9660.626953125
    ],
    "Amount": 25000.0,
    "AmountMax": 30000.0,
    "RefreshPerRestart": 5000.0,
    "ChanceRefresh": 0.25
}