{
    "IDE": 1671723784,
    "Location": "<11996.826172, 617.458557, 14837.648438>",
    "Position": [
        11996.826171875,
        617.4585571289063,
        14837.6484375
    ],
    "Amount": 30000.0,
    "AmountMax": 30000.0,
    "RefreshPerRestart": 5000.0,
    "ChanceRefresh": 0.25
}