{
    "IDE": 1671718664,
    "Location": "<11996.393555, 617.458557, 14841.212891>",
    "Position": [
        11996.3935546875,
        617.4585571289063,
        14841.212890625
    ],
    "Amount": 30000.0,
    "AmountMax": 30000.0,
    "RefreshPerRestart": 5000.0,
    "ChanceRefresh": 0.25
}