{
    "IDE": 1680112204,
    "Location": "<12000.138672, 617.458557, 14837.621094>",
    "Position": [
        12000.138671875,
        617.4585571289063,
        14837.62109375
    ],
    "Amount": 25000.0,
    "AmountMax": 30000.0,
    "RefreshPerRestart": 5000.0,
    "ChanceRefresh": 0.25
}