{
    "IDE": 1680107275,
    "Location": "<12002.925781, 617.458557, 14837.542969>",
    "Position": [
        12002.92578125,
        617.4585571289063,
        14837.54296875
    ],
    "Amount": 30000.0,
    "AmountMax": 30000.0,
    "RefreshPerRestart": 5000.0,
    "ChanceRefresh": 0.25
}