{
    "IDE": 253944372,
    "Location": "<1824.450684, 226.335770, 8960.055664>",
    "Position": [
        1824.45068359375,
        226.3357696533203,
        8960.0556640625
    ],
    "Amount": 30000.0,
    "AmountMax": 30000.0,
    "RefreshPerRestart": 5000.0,
    "ChanceRefresh": 0.25
}