{
    "IDE": 253983247,
    "Location": "<1813.010254, 226.335770, 8959.286133>",
    "Position": [
        1813.01025390625,
        226.3357696533203,
        8959.2861328125
    ],
    "Amount": 25000.0,
    "AmountMax": 30000.0,
    "RefreshPerRestart": 5000.0,
    "ChanceRefresh": 0.25
}