{
    "IDE": 253944370,
    "Location": "<1817.500854, 226.335770, 8959.553711>",
    "Position": [
        1817.5008544921876,
        226.3357696533203,
        8959.5537109375
    ],
    "Amount": 30000.0,
    "AmountMax": 30000.0,
    "RefreshPerRestart": 5000.0,
    "ChanceRefresh": 0.25
}