{
    "IDE": 253948982,
    "Location": "<1806.062988, 226.335770, 8958.558594>",
    "Position": [
        1806.06298828125,
        226.3357696533203,
        8958.55859375
    ],
    "Amount": 15000.0,
    "AmountMax": 30000.0,
    "RefreshPerRestart": 5000.0,
    "ChanceRefresh": 0.25
}