{
    "IDE": 2613559,
    "Location": "<1831.170044, 226.399994, 8960.849609>",
    "Position": [
        1831.1700439453126,
        226.39999389648438,
        8960.849609375
    ],
    "Amount": 5000.0,
    "AmountMax": 30000.0,
    "RefreshPerRestart": 5000.0,
    "ChanceRefresh": 0.25
}