{
    "IDE": 2650230,
    "Location": "<10211.397461, 374.952209, 13246.209961>",
    "Position": [
        10211.3974609375,
        374.95220947265627,
        13246.2099609375
    ],
    "Amount": 20000.0,
    "AmountMax": 30000.0,
    "RefreshPerRestart": 5000.0,
    "ChanceRefresh": 0.25
}