{
    "IDE": 2661086,
    "Location": "<11549.791992, 293.630005, 6565.885742>",
    "Position": [
        11549.7919921875,
        293.6300048828125,
        6565.8857421875
    ],
    "Amount": 0.0,
    "AmountMax": 30000.0,
    "RefreshPerRestart": 5000.0,
    "ChanceRefresh": 0.25
}