{
    "IDE": 2662741,
    "Location": "<14640.775391, 329.267761, 6340.835938>",
    "Position": [
        14640.775390625,
        329.26776123046877,
        6340.8359375
    ],
    "Amount": 15000.0,
    "AmountMax": 30000.0,
    "RefreshPerRestart": 5000.0,
    "ChanceRefresh": 0.25
}