{
    "IDE": 2671346,
    "Location": "<11575.233398, 294.097839, 6547.885742>",
    "Position": [
        11575.2333984375,
        294.09783935546877,
        6547.8857421875
    ],
    "Amount": 0.0,
    "AmountMax": 30000.0,
    "RefreshPerRestart": 5000.0,
    "ChanceRefresh": 0.25
}