{
    "IDE": 2673080,
    "Location": "<11576.204102, 294.964478, 6547.058105>",
    "Position": [
        11576.2041015625,
        294.9644775390625,
        6547.05810546875
    ],
    "Amount": 15000.0,
    "AmountMax": 30000.0,
    "RefreshPerRestart": 5000.0,
    "ChanceRefresh": 0.25
}