{
    "IDE": 765716032,
    "Location": "<5481.604980, 197.473434, 2495.258545>",
    "Position": [
        5481.60498046875,
        197.4734344482422,
        2495.258544921875
    ],
    "Amount": 25000.0,
    "AmountMax": 30000.0,
    "RefreshPerRestart": 5000.0,
    "ChanceRefresh": 0.25
}