{
    "IDE": 765716256,
    "Location": "<5483.045410, 197.473434, 2493.261719>",
    "Position": [
        5483.04541015625,
        197.4734344482422,
        2493.26171875
    ],
    "Amount": 30000.0,
    "AmountMax": 30000.0,
    "RefreshPerRestart": 5000.0,
    "ChanceRefresh": 0.25
}