{
    "IDE": 765750068,
    "Location": "<5477.469238, 197.473434, 2489.096191>",
    "Position": [
        5477.46923828125,
        197.4734344482422,
        2489.09619140625
    ],
    "Amount": 30000.0,
    "AmountMax": 30000.0,
    "RefreshPerRestart": 5000.0,
    "ChanceRefresh": 0.25
}