{
    "IDE": 765716030,
    "Location": "<5466.600586, 197.473434, 2484.562012>",
    "Position": [
        5466.6005859375,
        197.4734344482422,
        2484.56201171875
    ],
    "Amount": 25000.0,
    "AmountMax": 30000.0,
    "RefreshPerRestart": 5000.0,
    "ChanceRefresh": 0.25
}