{
    "IDE": 765716027,
    "Location": "<5473.836914, 197.473434, 2486.541504>",
    "Position": [
        5473.8369140625,
        197.4734344482422,
        2486.54150390625
    ],
    "Amount": 20000.0,
    "AmountMax": 30000.0,
    "RefreshPerRestart": 5000.0,
    "ChanceRefresh": 0.25
}