{
    "IDE": 765711152,
    "Location": "<5472.165039, 197.473434, 2488.804199>",
    "Position": [
        5472.1650390625,
        197.4734344482422,
        2488.80419921875
    ],
    "Amount": 30000.0,
    "AmountMax": 30000.0,
    "RefreshPerRestart": 5000.0,
    "ChanceRefresh": 0.25
}