{
    "IDE": 765750074,
    "Location": "<5475.924316, 197.473434, 2491.222656>",
    "Position": [
        5475.92431640625,
        197.4734344482422,
        2491.22265625
    ],
    "Amount": 30000.0,
    "AmountMax": 30000.0,
    "RefreshPerRestart": 5000.0,
    "ChanceRefresh": 0.25
}