{
    "IDE": 765711153,
    "Location": "<5468.311035, 197.473434, 2482.326172>",
    "Position": [
        5468.31103515625,
        197.4734344482422,
        2482.326171875
    ],
    "Amount": 30000.0,
    "AmountMax": 30000.0,
    "RefreshPerRestart": 5000.0,
    "ChanceRefresh": 0.25
}