{
    "IDE": 807678693,
    "Location": "<5814.420410, 205.914993, 955.897888>",
    "Position": [
        5814.42041015625,
        205.9149932861328,
        955.8978881835938
    ],
    "Amount": 25000.0,
    "AmountMax": 30000.0,
    "RefreshPerRestart": 5000.0,
    "ChanceRefresh": 0.25
}