{
    "IDE": 807678695,
    "Location": "<5819.920410, 205.999390, 960.718384>",
    "Position": [
        5819.92041015625,
        205.9993896484375,
        960.7183837890625
    ],
    "Amount": 30000.0,
    "AmountMax": 30000.0,
    "RefreshPerRestart": 5000.0,
    "ChanceRefresh": 0.25
}