{
    "IDE": 807717627,
    "Location": "<5813.446777, 205.921432, 958.438843>",
    "Position": [
        5813.44677734375,
        205.9214324951172,
        958.4388427734375
    ],
    "Amount": 15000.0,
    "AmountMax": 30000.0,
    "RefreshPerRestart": 5000.0,
    "ChanceRefresh": 0.25
}