{
    "IDE": 816072367,
    "Location": "<5827.312500, 206.057022, 960.589661>",
    "Position": [
        5827.3125,
        206.05702209472657,
        960.5896606445313
    ],
    "Amount": 30000.0,
    "AmountMax": 30000.0,
    "RefreshPerRestart": 5000.0,
    "ChanceRefresh": 0.25
}