{
    "IDE": 816106236,
    "Location": "<5826.388184, 206.058884, 963.133179>",
    "Position": [
        5826.38818359375,
        206.0588836669922,
        963.1331787109375
    ],
    "Amount": 30000.0,
    "AmountMax": 30000.0,
    "RefreshPerRestart": 5000.0,
    "ChanceRefresh": 0.25
}