{
    "IDE": 816106238,
    "Location": "<5820.848145, 205.993591, 958.197144>",
    "Position": [
        5820.84814453125,
        205.99359130859376,
        958.1971435546875
    ],
    "Amount": 30000.0,
    "AmountMax": 30000.0,
    "RefreshPerRestart": 5000.0,
    "ChanceRefresh": 0.25
}