{
    "version": 5.900000095367432,
    "duration": 0.07000000029802323,
    "Lift_power": 1.0,
    "No_power": 700.0,
    "Full_power": 750.0,
    "side_strength": 0.5,
    "power_before": 0.5,
    "friction": 0.6000000238418579,
    "Mass": 2000.8121337890626,
    "incline": 0.5,
    "front_tilt": 0.5,
    "inclineMouse": 2.0,
    "front_tiltMouse": 2.0,
    "m_povorot": 0.14000000059604646,
    "Chassis": 1.0,
    "Body": 1.0,
    "Engine": 1.0,
    "Fuel": 1.0,
    "Rotor1": 1.0,
    "Rotor2": 1.0,
    "kill_z": 1.0,
    "gasoline_costs": 0.0005000000237487257,
    "gasoline_restart": 1.0,
    "c_camDistance": 20.0,
    "maxFuel": 100.0,
    "m_Crash_dem": 15.0,
    "m_engineVolume": 0.699999988079071,
    "m_rotorVolume": 1.2000000476837159,
    "m_warningVolume": 1.0,
    "m_crashVolume": 1.0
}