{
    "version": 5.0,
    "duration": 0.05000000074505806,
    "Lift_power": 3.299999952316284,
    "No_power": 1400.0,
    "Full_power": 1450.0,
    "side_strength": 1.2999999523162842,
    "power_before": 1.0,
    "friction": 0.30000001192092898,
    "Mass": 1400.8121337890626,
    "incline": 0.5,
    "front_tilt": 0.5,
    "inclineMouse": 2.0,
    "front_tiltMouse": 2.0,
    "m_povorot": 0.4000000059604645,
    "Chassis": 0.0,
    "Body": 1.0,
    "Engine": 1.0,
    "Fuel": 0.0,
    "Rotor1": 1.0,
    "Rotor2": 1.0,
    "kill_z": 0.0,
    "gasoline_costs": 0.00039999998989515007,
    "gasoline_restart": 1.0,
    "c_camDistance": 15.0,
    "maxFuel": 100.0,
    "m_Crash_dem": 15.0,
    "m_engineVolume": 1.0,
    "m_rotorVolume": 1.0,
    "m_warningVolume": 1.0,
    "m_crashVolume": 1.0
}